Descripcion,ES,FR,Fecha
Abono Granulado 1000gr,358,327,2024-01-11
Abono Granulado 500gr,116,358,2024-01-11
Abono Liquido 1000cc,313,32,2024-01-11
Abono Liquido 500cc,265,160,2024-01-11
Abono Orquideas Liquido,386,273,2024-01-11
Alocasia T17,329,499,2024-01-11
Aloes T11,320,223,2024-01-11
Aloes T14,140,421,2024-01-11
Anturium T14,75,212,2024-01-11
Azalea T14,479,107,2024-01-11
Bonsai 10 años,330,7,2024-01-11
Bonsai 5 años,117,157,2024-01-11
Bonsai 6 años,398,478,2024-01-11
Bonsai 7 años,439,320,2024-01-11
Bonsai 8 años,14,366,2024-01-11
Bonsai 9 años,204,377,2024-01-11
Boucarnea T19,5,327,2024-01-11
Bouquet Caja M1,377,118,2024-01-11
Bouquet Caja M2,327,243,2024-01-11
Bouquet Flor Seca Colorines,82,187,2024-01-11
Bouquet Flor Seca Grande,316,313,2024-01-11
Bouquet Flor Seca Lavanda,2,224,2024-01-11
Bouquet Rosa Protea 30cm,395,98,2024-01-11
Branca Onion Grass 71cm  Natural,36,439,2024-01-11
Branca Onion Grass 86cm Crema,334,139,2024-01-11
Bromelias T14,406,439,2024-01-11
Bush  Flores Silvestres Malva,294,213,2024-01-11
Cactus T13,385,2,2024-01-11
"Cactus T5,5",243,385,2024-01-11
"Cactus T8,5",466,321,2024-01-11
Calla 78cm,474,395,2024-01-11
Cañas Bambu 50 Curbas,421,440,2024-01-11
Cañas Bambu 50 Rectas,376,14,2024-01-11
Cañas Bambu 60 Curbas,273,306,2024-01-11
Centro 2 Rosas,213,398,2024-01-11
Centro 3 Rosas,306,22,2024-01-11
Cesta Fibra 15 Diametro,189,265,2024-01-11
Cesta Fibra 16 Diametro,418,83,2024-01-11
Cesta Hasas 30cm Alto 23cm,321,40,2024-01-11
Clavell 69cm,120,408,2024-01-11
Dracena 2 Troncos,55,418,2024-01-11
Dracena 3 Troncos,440,473,2024-01-11
Estiercol 10L,224,131,2024-01-11
Ficus Benjamina 80 Cm,499,294,2024-01-11
Flor Cera 78cm,321,334,2024-01-11
Flor Cortada 1,37,5,2024-01-11
Flor Cortada 2,358,204,2024-01-11
Flor Cortada 3,107,250,2024-01-11
Flor Cortada 4,235,111,2024-01-11
Flor Cortada 5,216,479,2024-01-11
Flor Lavanda 41cm,131,411,2024-01-11
Gerveras 53cm,118,120,2024-01-11
Girasol 74cm,223,467,2024-01-11
Guzmania T13,250,442,2024-01-11
Guzmania T15,315,329,2024-01-11
Gypsophila Crema,348,37,2024-01-11
Jarron Bambu Grande,157,376,2024-01-11
Jarron Bambu Pequeño,250,204,2024-01-11
Magnolia 46cm,19,44,2024-01-11
Mata Geranio 39cm,439,189,2024-01-11
Mimosa 48cm,327,367,2024-01-11
Molusquicida 500gr,498,466,2024-01-11
Osito 15cm,287,316,2024-01-11
Peonias 77cm,356,116,2024-01-11
Phaleanopsis 2 varas,366,330,2024-01-11
Planta Del Diner T 13,467,386,2024-01-11
Planta Del Diner T 15,32,296,2024-01-11
Planta Del Diner T 18,83,117,2024-01-11
Planta Tiesto Falguera,265,278,2024-01-11
Planta Tiesto Graminea 48cm,478,187,2024-01-11
Planta Tiesto Graminea 58cm,7,265,2024-01-11
Planta Tiesto Grass Lavanda 60cm,386,358,2024-01-11
Plantas Mix,278,302,2024-01-11
Plato Bonsai 15cm,187,265,2024-01-11
Plato Bonsai 20cm,296,208,2024-01-11
Potus Colgar T15,344,140,2024-01-11
Potus Tutor 50 Cm,160,263,2024-01-11
Rama Daphne 70cm Crema,11,19,2024-01-11
Rama Escaramujo 102cm,367,321,2024-01-11
"Rama Eucalipto 3,55cm",442,11,2024-01-11
Rama Grass 84cm,474,315,2024-01-11
Rama Rose Hip 57cm,258,36,2024-01-11
Ramos Wild 40cm,44,216,2024-01-11
Rosa 67cm,411,474,2024-01-11
Rosa Cono Normal,139,352,2024-01-11
Rosa Oferta,408,474,2024-01-11
Spaticilium T17,111,287,2024-01-11
Tierra 10L,473,386,2024-01-11
Tierra 20L,98,356,2024-01-11
Tierra Bonsai,352,75,2024-01-11
Tierra Cactus,40,406,2024-01-11
Tierra Orqu√≠deas,187,55,2024-01-11
Tiesto Plastico 6cm,212,250,2024-01-11
Triplex 750cc,22,82,2024-01-11
Tronco Brasil 1 Tronco,208,498,2024-01-11
Tronco Brasil 2 Troncos,204,107,2024-01-11
Tronco Brasil 3 Troncos,265,235,2024-01-11
Violetero 20cm,263,258,2024-01-11
Yuca 1 Tronco,107,344,2024-01-11
Yuca 2 Tronco,302,348,2024-01-11
